"Player,Runs_bat,4s_bat,6s_bat,Strike Rate_x,Wickets,Maidens,Overs,Economy,Dots,Fielder_Catch,Fielder_Stumping,Fielder_Runout,Fantasy_Points,Player_Role"
"aaron finch,86.0,10.0,3.0,109.426,0.0,0.0,0.0,0.0,0.0,0.0,0.0,0.0,102.0,Batsman"
"abdul basith,1.0,0.0,0.0,100.0,0.0,0.0,0.0,0.0,0.0,0.0,0.0,0.0,1.0,Batsman"
"abdul samad,577.0,37.0,36.0,129.245,2.0,0.0,8.0,1.01875,10.0,0.0,0.0,0.0,736.0,Batsman"
"abhijeet tomar,4.0,1.0,0.0,50.0,0.0,0.0,0.0,0.0,0.0,0.0,0.0,0.0,5.0,Batsman"
"abhinav manohar,231.0,21.0,10.0,108.652,0.0,0.0,0.0,0.0,0.0,0.0,0.0,0.0,272.0,Batsman"
"abhishek sharma,1305.0,124.0,68.0,132.35736842105263,8.0,0.0,35.0,3.1080701754385966,64.0,0.0,0.0,0.0,1765.0,Batsman"
"abishek porel,325.0,36.0,13.0,155.18727272727273,0.0,0.0,0.0,0.0,0.0,0.0,0.0,0.0,387.0,Batsman"
"abishek porel â€ ,35.0,1.0,2.0,84.414,0.0,0.0,0.0,0.0,0.0,0.0,0.0,0.0,40.0,Batsman"
"adam milne,16.0,0.0,1.0,40.0,2.0,0.0,12.3,6.702,33.0,0.0,0.0,0.0,68.0,Unknown"
"adam zampa,10.0,0.0,0.0,23.455555555555556,8.0,0.0,29.0,7.906666666666666,50.0,0.0,0.0,0.0,210.0,Bowler"
"adil rashid,22.0,2.0,1.0,90.59666666666668,2.0,0.0,10.0,9.19,20.0,0.0,0.0,0.0,76.0,Allrounder"
"aiden markram,747.0,55.0,27.0,95.43555555555555,2.0,0.0,19.1,3.138888888888889,29.0,0.0,0.0,0.0,906.0,Batsman"
"aiden markram (c),248.0,18.0,8.0,112.12615384615385,0.0,0.0,0.0,0.0,0.0,0.0,0.0,0.0,282.0,Batsman"
"ajinkya rahane,822.0,74.0,29.0,110.62820512820512,0.0,0.0,0.0,0.0,0.0,0.0,0.0,0.0,954.0,Batsman"
"akash deep,2.0,0.0,0.0,12.5,7.0,1.0,26.8,11.9075,57.0,0.0,0.0,0.0,189.0,Bowler"
"akash madhwal,4.0,0.0,0.0,6.666666666666667,19.0,0.0,41.4,9.383333333333333,88.0,0.0,0.0,0.0,479.0,Bowler"
"akash singh,0.0,0.0,0.0,0.0,4.0,0.0,20.0,10.053333333333333,44.0,0.0,0.0,0.0,100.0,Unknown"
"akeal hosein,16.0,1.0,1.0,160.0,1.0,0.0,4.0,10.0,6.0,0.0,0.0,0.0,44.0,Allrounder"
"alex carey â€ ,32.0,0.0,1.0,106.79333333333334,0.0,0.0,0.0,0.0,0.0,0.0,0.0,0.0,34.0,Batsman"
"alzarri joseph,12.0,1.0,0.0,13.240555555555554,14.0,0.0,59.4,9.505555555555555,138.0,0.0,0.0,0.0,363.0,Bowler"
"aman khan,115.0,8.0,6.0,107.58699999999999,0.0,0.0,1.0,1.3,1.0,0.0,0.0,0.0,135.0,Batsman"
"ambati rayudu,1048.0,81.0,53.0,116.54042553191489,0.0,0.0,0.0,0.0,0.0,0.0,0.0,0.0,1235.0,Batsman"
"amit mishra,19.0,2.0,0.0,4.871538461538462,13.0,0.0,37.0,7.1923076923076925,71.0,0.0,0.0,0.0,346.0,Bowler"
"andre russell,1084.0,74.0,89.0,121.0255737704918,54.0,0.0,93.4,7.885573770491803,199.0,0.0,0.0,0.0,2686.0,Batsman"
"andrew tye,6.0,0.0,1.0,25.0,3.0,0.0,15.0,10.395,29.0,0.0,0.0,0.0,83.0,Unknown"
"angkrish raghuvanshi,163.0,16.0,8.0,147.34,0.0,0.0,0.0,0.0,0.0,0.0,0.0,0.0,195.0,Batsman"
"ankit rajpoot,9.0,0.0,1.0,36.0,1.0,0.0,13.0,11.55,27.0,0.0,0.0,0.0,36.0,Unknown"
"anmolpreet singh,108.0,16.0,2.0,102.31125,0.0,0.0,0.0,0.0,0.0,0.0,0.0,0.0,128.0,Batsman"
"anmolpreet singh â€ ,31.0,3.0,1.0,119.23,0.0,0.0,0.0,0.0,0.0,0.0,0.0,0.0,36.0,Batsman"
"anrich nortje,49.0,6.0,0.0,29.013720930232555,53.0,1.0,155.0,8.856511627906976,376.0,0.0,0.0,0.0,1392.0,Bowler"
"anshul kamboj,2.0,0.0,0.0,33.333333333333336,2.0,0.0,10.0,11.5,20.0,0.0,0.0,0.0,52.0,Allrounder"
"anuj rawat,25.0,5.0,0.0,89.285,0.0,0.0,0.0,0.0,0.0,0.0,0.0,0.0,30.0,Batsman"
"anuj rawat â€ ,73.0,5.0,3.0,105.7375,0.0,0.0,0.0,0.0,0.0,0.0,0.0,0.0,84.0,Batsman"
"anukul roy,26.0,3.0,0.0,51.74555555555556,4.0,0.0,20.4,9.023333333333333,44.0,0.0,0.0,0.0,129.0,Unknown"
"arjun tendulkar,13.0,0.0,1.0,28.887999999999998,3.0,0.0,11.7,8.953999999999999,33.0,0.0,0.0,0.0,90.0,Unknown"
"arshad khan,101.0,6.0,6.0,69.241,5.0,0.0,21.6,11.318000000000001,44.0,0.0,0.0,0.0,244.0,Batsman"
"arshdeep singh,29.0,4.0,0.0,12.119482758620691,69.0,1.0,198.6,8.875862068965516,445.0,0.0,0.0,0.0,1770.0,Bowler"
"arshin kulkarni,9.0,2.0,0.0,64.285,0.0,0.0,0.0,0.0,0.0,0.0,0.0,0.0,11.0,Batsman"
"ashton turner,21.0,0.0,2.0,116.66,0.0,0.0,0.0,0.0,0.0,0.0,0.0,0.0,25.0,Batsman"
"ashutosh sharma,189.0,10.0,15.0,140.29444444444445,0.0,0.0,0.0,0.0,0.0,0.0,0.0,0.0,229.0,Batsman"
"atharva taide,247.0,27.0,8.0,135.00333333333333,0.0,0.0,0.1,2.6666666666666665,0.0,0.0,0.0,0.0,290.0,Batsman"
"avesh khan,37.0,2.0,3.0,25.7998,67.0,1.0,175.9,8.6738,404.0,0.0,0.0,0.0,1732.0,Bowler"
"axar patel,800.0,55.0,41.0,100.74047619047619,44.0,0.0,197.0,6.933015873015872,401.0,0.0,0.0,0.0,2037.0,Batsman"
"axar patel (c),57.0,5.0,3.0,146.15,0.0,0.0,0.0,0.0,0.0,0.0,0.0,0.0,68.0,Batsman"
"ayush badoni,634.0,46.0,24.0,121.11714285714287,2.0,0.0,4.1,1.0285714285714285,6.0,0.0,0.0,0.0,778.0,Batsman"
"azmatullah omarzai,42.0,2.0,2.0,63.505714285714284,4.0,0.0,21.0,8.714285714285714,57.0,0.0,0.0,0.0,148.0,Batsman"
"baba indrajith â€ ,21.0,2.0,0.0,56.25,0.0,0.0,0.0,0.0,0.0,0.0,0.0,0.0,23.0,Batsman"
"basil thampi,0.0,0.0,0.0,0.0,6.0,0.0,16.0,12.6,35.0,0.0,0.0,0.0,150.0,Bowler"
"ben stokes,300.0,38.0,7.0,117.89090909090909,0.0,0.0,13.0,7.575454545454545,20.0,0.0,0.0,0.0,352.0,Batsman"
"bhanuka rajapaksa,203.0,17.0,8.0,107.19727272727273,0.0,0.0,0.0,0.0,0.0,0.0,0.0,0.0,236.0,Batsman"
"bhanuka rajapaksa â€ ,74.0,5.0,7.0,269.945,0.0,0.0,0.0,0.0,0.0,0.0,0.0,0.0,93.0,Batsman"
"bhuvneshwar kumar,116.0,13.0,0.0,34.82285714285714,44.0,6.0,194.1,7.957678571428572,489.0,0.0,0.0,0.0,1301.0,Bowler"
"bhuvneshwar kumar (c),7.0,0.0,0.0,80.0,0.0,0.0,0.0,0.0,0.0,0.0,0.0,0.0,7.0,Batsman"
"br sharath â€ ,2.0,0.0,0.0,40.0,0.0,0.0,0.0,0.0,0.0,0.0,0.0,0.0,2.0,Batsman"
"cameron green,707.0,62.0,32.0,129.89896551724138,14.0,0.0,69.1,8.626551724137931,150.0,0.0,0.0,0.0,1183.0,Batsman"
"chetan sakariya,20.0,3.0,0.0,20.589473684210525,20.0,1.0,64.0,7.631052631578948,136.0,0.0,0.0,0.0,535.0,Bowler"
"chris gayle,193.0,21.0,8.0,92.69090909090909,0.0,0.0,0.5,0.5454545454545454,0.0,0.0,0.0,0.0,230.0,Batsman"
"chris green,0.0,0.0,0.0,0.0,0.0,0.0,2.5,8.47,6.0,0.0,0.0,0.0,0.0,Unknown"
"chris jordan,49.0,1.0,3.0,33.182105263157894,15.0,1.0,64.8,9.877894736842105,133.0,0.0,0.0,0.0,443.0,Bowler"
"chris lynn,49.0,4.0,3.0,140.0,0.0,0.0,0.0,0.0,0.0,0.0,0.0,0.0,59.0,Batsman"
"chris morris,67.0,2.0,5.0,32.63789473684211,26.0,1.0,61.4,7.042631578947368,163.0,0.0,0.0,0.0,741.0,Bowler"
"chris woakes,15.0,2.0,0.0,45.45333333333334,5.0,0.0,11.0,7.333333333333333,33.0,0.0,0.0,0.0,142.0,Bowler"
"dale steyn,0.0,0.0,0.0,0.0,1.0,0.0,7.4,9.875,19.0,0.0,0.0,0.0,25.0,Unknown"
"dan christian,0.0,0.0,0.0,0.0,4.0,0.0,16.4,9.673333333333334,29.0,0.0,0.0,0.0,100.0,Unknown"
"daniel sams,38.0,1.0,3.0,97.32357142857143,14.0,0.0,52.0,8.76142857142857,126.0,0.0,0.0,0.0,395.0,Allrounder"
"darshan nalkande,12.0,0.0,1.0,18.18166666666667,6.0,0.0,13.6,10.03,24.0,0.0,0.0,0.0,164.0,Bowler"
"daryl mitchell,351.0,28.0,10.0,123.15866666666666,1.0,0.0,7.0,2.8,4.0,0.0,0.0,0.0,424.0,Batsman"
"dasun shanaka,26.0,2.0,1.0,78.27333333333333,0.0,0.0,0.0,0.0,0.0,0.0,0.0,0.0,30.0,Batsman"
"david miller,1074.0,81.0,47.0,122.48340425531916,0.0,0.0,0.0,0.0,0.0,0.0,0.0,0.0,1249.0,Batsman"
"david warner,602.0,69.0,25.0,106.05608695652174,0.0,0.0,0.1,0.5217391304347826,0.0,0.0,0.0,0.0,721.0,Batsman"
"david warner (c),1257.0,136.0,30.0,116.88694444444445,0.0,0.0,0.0,0.0,0.0,0.0,0.0,0.0,1453.0,Batsman"
"david wiese,21.0,0.0,3.0,194.44333333333336,0.0,0.0,3.0,4.22,3.0,0.0,0.0,0.0,27.0,Batsman"
"david willey,0.0,0.0,0.0,0.0,4.0,1.0,26.0,6.61375,64.0,0.0,0.0,0.0,112.0,Unknown"
"dawid malan,26.0,1.0,1.0,100.0,0.0,0.0,0.0,0.0,0.0,0.0,0.0,0.0,29.0,Batsman"
"deepak chahar,9.0,0.0,0.0,8.333333333333334,40.0,3.0,144.3,8.211904761904762,348.0,0.0,0.0,0.0,1045.0,Bowler"
"deepak hooda,840.0,64.0,32.0,108.211875,3.0,0.0,24.0,2.256875,42.0,0.0,0.0,0.0,1043.0,Batsman"
"devdutt padikkal,675.0,74.0,20.0,98.192,0.0,0.0,0.0,0.0,0.0,0.0,0.0,0.0,789.0,Batsman"
"devon conway,924.0,99.0,30.0,111.33000000000001,0.0,0.0,0.0,0.0,0.0,0.0,0.0,0.0,1083.0,Batsman"
"dewald brevis,230.0,17.0,16.0,112.51200000000001,0.0,0.0,0.0,0.0,0.0,0.0,0.0,0.0,279.0,Batsman"
"dhawal kulkarni,3.0,0.0,0.0,75.0,0.0,0.0,7.0,9.665,13.0,0.0,0.0,0.0,3.0,Batsman"
"dhruv jurel,347.0,29.0,16.0,123.43590909090909,0.0,0.0,0.0,0.0,0.0,0.0,0.0,0.0,408.0,Batsman"
"dinesh karthik,90.0,6.0,7.0,181.5375,0.0,0.0,0.0,0.0,0.0,0.0,0.0,0.0,110.0,Batsman"
"dinesh karthik (c)â€ ,108.0,14.0,2.0,85.40714285714286,0.0,0.0,0.0,0.0,0.0,0.0,0.0,0.0,126.0,Batsman"
"dinesh karthik â€ ,520.0,49.0,24.0,127.89645161290322,0.0,0.0,0.0,0.0,0.0,0.0,0.0,0.0,617.0,Batsman"
"donovan ferreira,8.0,0.0,0.0,60.415,0.0,0.0,0.0,0.0,0.0,0.0,0.0,0.0,8.0,Batsman"
"duan jansen,0.0,0.0,0.0,0.0,1.0,0.0,4.0,13.25,6.0,0.0,0.0,0.0,25.0,Bowler"
"dushmantha chameera,43.0,3.0,3.0,58.77230769230769,7.0,0.0,40.0,7.434615384615385,114.0,0.0,0.0,0.0,227.0,Unknown"
"dwaine pretorius,44.0,3.0,3.0,88.52,5.0,0.0,22.0,7.607142857142857,42.0,0.0,0.0,0.0,178.0,Batsman"
"dwayne bravo,77.0,4.0,5.0,61.630434782608695,32.0,1.0,71.2,8.138260869565217,149.0,0.0,0.0,0.0,903.0,Bowler"
"eoin morgan,175.0,10.0,11.0,122.58285714285714,0.0,0.0,0.0,0.0,0.0,0.0,0.0,0.0,207.0,Batsman"
"eoin morgan (c),376.0,30.0,19.0,92.74652173913044,0.0,0.0,0.0,0.0,0.0,0.0,0.0,0.0,444.0,Batsman"
"evin lewis,224.0,26.0,10.0,127.151,0.0,0.0,0.0,0.0,0.0,0.0,0.0,0.0,270.0,Batsman"
"fabian allen,14.0,1.0,0.0,33.763999999999996,2.0,1.0,15.0,7.3,26.0,0.0,0.0,0.0,77.0,Unknown"
"faf du plessis,1082.0,102.0,37.0,118.5448275862069,0.0,0.0,0.0,0.0,0.0,0.0,0.0,0.0,1258.0,Batsman"
"faf du plessis (c),438.0,47.0,21.0,149.5,0.0,0.0,0.0,0.0,0.0,0.0,0.0,0.0,527.0,Batsman"
"fazalhaq farooqi,3.0,0.0,0.0,6.428571428571429,6.0,0.0,21.2,7.18,52.0,0.0,0.0,0.0,153.0,Bowler"
"george garton,0.0,0.0,0.0,0.0,3.0,0.0,15.0,9.514,32.0,0.0,0.0,0.0,75.0,Bowler"
"gerald coetzee,14.0,0.0,1.0,24.205000000000002,13.0,0.0,33.3,10.531,81.0,0.0,0.0,0.0,341.0,Bowler"
"glenn maxwell,52.0,6.0,2.0,18.263684210526314,20.0,1.0,80.8,7.430526315789474,167.0,0.0,0.0,0.0,574.0,Unknown"
"glenn phillips,57.0,3.0,5.0,111.36571428571428,2.0,0.0,4.0,3.5714285714285716,9.0,0.0,0.0,0.0,120.0,Batsman"
"glenn phillips â€ ,8.0,0.0,1.0,133.33,0.0,0.0,0.0,0.0,0.0,0.0,0.0,0.0,10.0,Batsman"
"gulbadin naib,19.0,1.0,1.0,63.33,0.0,0.0,1.0,6.0,1.0,0.0,0.0,0.0,22.0,Unknown"
"gurnoor brar,0.0,0.0,0.0,0.0,0.0,0.0,3.0,14.0,7.0,0.0,0.0,0.0,0.0,Unknown"
"harbhajan singh,4.0,0.0,0.0,66.66666666666667,0.0,0.0,3.0,5.5,9.0,0.0,0.0,0.0,4.0,Batsman"
"hardik pandya,408.0,25.0,30.0,56.855892857142855,22.0,0.0,88.3,5.400535714285715,198.0,0.0,0.0,0.0,1043.0,Batsman"
"hardik pandya (c),1049.0,92.0,38.0,130.64697674418605,0.0,0.0,0.0,0.0,0.0,0.0,0.0,0.0,1217.0,Batsman"
"harpreet brar,213.0,17.0,8.0,75.13333333333334,19.0,0.0,90.1,7.231944444444445,179.0,0.0,0.0,0.0,721.0,Batsman"
"harpreet singh,103.0,10.0,3.0,110.24000000000001,0.0,0.0,0.0,0.0,0.0,0.0,0.0,0.0,119.0,Batsman"
"harry brook,190.0,23.0,4.0,79.15363636363637,0.0,0.0,0.0,0.0,0.0,0.0,0.0,0.0,221.0,Batsman"
"harshal patel,34.0,3.0,1.0,4.582131147540983,92.0,2.0,215.7,8.801311475409836,442.0,0.0,0.0,0.0,2363.0,Bowler"
"harshit rana,2.0,0.0,0.0,10.526315789473685,25.0,1.0,64.1,9.222631578947368,157.0,0.0,0.0,0.0,639.0,Bowler"
"heinrich klaasen â€ ,927.0,51.0,63.0,168.8553846153846,0.0,0.0,0.0,0.0,0.0,0.0,0.0,0.0,1104.0,Batsman"
"himanshu sharma,0.0,0.0,0.0,0.0,0.0,0.0,5.0,11.915,4.0,0.0,0.0,0.0,0.0,Unknown"
"hrithik shokeen,66.0,9.0,0.0,37.183076923076925,5.0,0.0,33.0,8.832307692307692,82.0,0.0,0.0,0.0,200.0,Unknown"
"imran tahir,13.0,2.0,0.0,130.0,0.0,0.0,3.0,7.33,6.0,0.0,0.0,0.0,15.0,Batsman"
"ishan kishan,595.0,39.0,32.0,111.46199999999999,0.0,0.0,0.0,0.0,0.0,0.0,0.0,0.0,698.0,Batsman"
"ishan kishan â€ ,1354.0,152.0,53.0,125.83021739130434,0.0,0.0,0.0,0.0,0.0,0.0,0.0,0.0,1612.0,Batsman"
"ishan porel,0.0,0.0,0.0,0.0,1.0,0.0,4.0,9.75,10.0,0.0,0.0,0.0,25.0,Bowler"
"ishant sharma,2.0,0.0,0.0,7.01736842105263,20.0,1.0,60.0,9.06421052631579,146.0,0.0,0.0,0.0,514.0,Bowler"
"isuru udana,0.0,0.0,0.0,0.0,8.0,0.0,27.0,9.72111111111111,45.0,0.0,0.0,0.0,200.0,Bowler"
"jagadeesha suchith,16.0,2.0,1.0,43.650000000000006,3.0,0.0,18.0,7.901666666666666,36.0,0.0,0.0,0.0,95.0,Bowler"
"jake fraser-mcgurk,330.0,32.0,28.0,208.61777777777777,0.0,0.0,0.0,0.0,0.0,0.0,0.0,0.0,418.0,Batsman"
"jalaj saxena,0.0,0.0,0.0,0.0,0.0,0.0,3.0,9.0,5.0,0.0,0.0,0.0,0.0,Unknown"
"james neesham,31.0,3.0,0.0,25.554444444444446,7.0,0.0,25.0,8.350000000000001,47.0,0.0,0.0,0.0,209.0,Bowler"
"james pattinson,15.0,2.0,0.0,31.071428571428573,9.0,0.0,24.3,8.605714285714287,58.0,0.0,0.0,0.0,242.0,Bowler"
"jason behrendorff,6.0,0.0,0.0,13.5,11.0,0.0,35.0,9.056999999999999,77.0,0.0,0.0,0.0,281.0,Bowler"
"jason holder,221.0,9.0,16.0,72.07588235294118,35.0,0.0,101.1,7.741176470588235,193.0,0.0,0.0,0.0,1137.0,Allrounder"
"jason roy,435.0,57.0,13.0,130.25230769230768,0.0,0.0,0.0,0.0,0.0,0.0,0.0,0.0,518.0,Batsman"
"jasprit bumrah,33.0,3.0,0.0,25.271960784313723,70.0,3.0,191.7,6.720588235294118,525.0,0.0,0.0,0.0,1822.0,Bowler"
"jayant yadav,34.0,2.0,1.0,47.4425,3.0,0.0,28.0,7.3225,65.0,0.0,0.0,0.0,113.0,Unknown"
"jaydev unadkat,142.0,10.0,6.0,84.17862068965516,21.0,0.0,88.1,8.870344827586207,153.0,0.0,0.0,0.0,689.0,Unknown"
"jhye richardson,17.0,2.0,0.0,42.045,3.0,0.0,15.0,10.25,32.0,0.0,0.0,0.0,94.0,Batsman"
"jitesh sharma,50.0,2.0,4.0,148.03,0.0,0.0,0.0,0.0,0.0,0.0,0.0,0.0,60.0,Batsman"
"jitesh sharma (c)â€ ,32.0,2.0,2.0,213.33,0.0,0.0,0.0,0.0,0.0,0.0,0.0,0.0,38.0,Batsman"
"jitesh sharma â€ ,648.0,49.0,39.0,141.940625,0.0,0.0,0.0,0.0,0.0,0.0,0.0,0.0,775.0,Batsman"
"joe root,10.0,1.0,0.0,33.33,0.0,0.0,2.0,3.5,2.0,0.0,0.0,0.0,11.0,Unknown"
"jofra archer,117.0,5.0,10.0,113.87647058823529,19.0,0.0,56.0,5.794117647058823,169.0,0.0,0.0,0.0,617.0,Allrounder"
"jonny bairstow,574.0,66.0,25.0,134.74636363636364,0.0,0.0,0.0,0.0,0.0,0.0,0.0,0.0,690.0,Batsman"
"jonny bairstow â€ ,570.0,52.0,26.0,126.44666666666666,0.0,0.0,0.0,0.0,0.0,0.0,0.0,0.0,674.0,Batsman"
"jos buttler,2028.0,201.0,90.0,116.27851851851852,0.0,0.0,0.0,0.0,0.0,0.0,0.0,0.0,2409.0,Batsman"
"jos buttler â€ ,168.0,14.0,10.0,151.54571428571427,0.0,0.0,0.0,0.0,0.0,0.0,0.0,0.0,202.0,Batsman"
"josh hazlewood,0.0,0.0,0.0,0.0,35.0,1.0,96.3,8.086923076923076,263.0,0.0,0.0,0.0,887.0,Bowler"
"josh little,0.0,0.0,0.0,0.0,11.0,0.0,38.0,9.196363636363635,84.0,0.0,0.0,0.0,275.0,Bowler"
"kagiso rabada,137.0,11.0,6.0,44.14824561403508,72.0,2.0,206.4,8.50578947368421,525.0,0.0,0.0,0.0,1984.0,Bowler"
"kamlesh nagarkoti,22.0,1.0,0.0,42.11727272727273,5.0,0.0,23.0,7.59,46.0,0.0,0.0,0.0,148.0,Unknown"
"kane richardson,0.0,0.0,0.0,0.0,1.0,0.0,3.0,9.66,5.0,0.0,0.0,0.0,25.0,Bowler"
"kane williamson,452.0,42.0,11.0,125.655,0.0,0.0,2.0,0.75,0.0,0.0,0.0,0.0,516.0,Batsman"
"kane williamson (c),374.0,33.0,9.0,79.7735,0.0,0.0,0.0,0.0,0.0,0.0,0.0,0.0,425.0,Batsman"
"karan sharma,16.0,1.0,0.0,72.08333333333333,0.0,0.0,0.0,0.0,0.0,0.0,0.0,0.0,17.0,Batsman"
"karn sharma,31.0,2.0,3.0,28.035500000000003,22.0,0.0,60.3,10.553,102.0,0.0,0.0,0.0,589.0,Bowler"
"kartik tyagi,13.0,1.0,0.0,23.920588235294115,13.0,0.0,54.6,9.05235294117647,124.0,0.0,0.0,0.0,339.0,Bowler"
"karun nair,16.0,1.0,0.0,80.0,0.0,0.0,0.0,0.0,0.0,0.0,0.0,0.0,17.0,Batsman"
"kedar jadhav,117.0,9.0,2.0,104.42699999999999,0.0,0.0,0.0,0.0,0.0,0.0,0.0,0.0,130.0,Batsman"
"keshav maharaj,1.0,0.0,0.0,25.0,2.0,0.0,6.0,6.875,11.0,0.0,0.0,0.0,51.0,Allrounder"
"khaleel ahmed,1.0,0.0,0.0,1.1363636363636365,51.0,4.0,159.1,8.851818181818182,416.0,0.0,0.0,0.0,1324.0,Bowler"
"kieron pollard,632.0,35.0,45.0,120.15105263157893,12.0,0.0,41.1,4.851842105263158,72.0,0.0,0.0,0.0,1057.0,Batsman"
"kieron pollard (c),25.0,2.0,2.0,219.04666666666665,0.0,0.0,0.0,0.0,0.0,0.0,0.0,0.0,31.0,Batsman"
"kl rahul,15.0,1.0,1.0,166.66,0.0,0.0,0.0,0.0,0.0,0.0,0.0,0.0,18.0,Batsman"
"kl rahul (c),986.0,81.0,39.0,101.23384615384614,0.0,0.0,0.0,0.0,0.0,0.0,0.0,0.0,1145.0,Batsman"
"kl rahul (c)â€ ,1035.0,84.0,43.0,127.45875000000001,0.0,0.0,0.0,0.0,0.0,0.0,0.0,0.0,1205.0,Batsman"
"km asif,0.0,0.0,0.0,0.0,2.0,0.0,12.1,7.159999999999999,22.0,0.0,0.0,0.0,50.0,Unknown"
"krishnappa gowtham,61.0,2.0,5.0,96.8892857142857,8.0,1.0,36.0,8.553571428571429,83.0,0.0,0.0,0.0,285.0,Bowler"
"krunal pandya,690.0,56.0,24.0,92.97614285714286,32.0,1.0,159.2,6.542142857142857,326.0,0.0,0.0,0.0,1606.0,Batsman"
"krunal pandya (c),66.0,2.0,2.0,60.376,0.0,0.0,0.0,0.0,0.0,0.0,0.0,0.0,72.0,Batsman"
"kuldeep sen,0.0,0.0,0.0,0.0,10.0,0.0,36.4,10.376363636363637,78.0,0.0,0.0,0.0,250.0,Bowler"
"kuldeep yadav,139.0,12.0,3.0,41.66697674418605,45.0,0.0,141.4,7.55,263.0,0.0,0.0,0.0,1282.0,Bowler"
"kuldip yadav,0.0,0.0,0.0,0.0,2.0,0.0,9.0,8.833333333333334,14.0,0.0,0.0,0.0,50.0,Bowler"
"kulwant khejroliya,0.0,0.0,0.0,0.0,2.0,0.0,4.2,14.83,7.0,0.0,0.0,0.0,50.0,Unknown"
"kumar kartikeya,9.0,1.0,0.0,13.246363636363634,9.0,0.0,35.0,8.43,68.0,0.0,0.0,0.0,235.0,Bowler"
"kumar kushagra,3.0,0.0,0.0,33.33,0.0,0.0,0.0,0.0,0.0,0.0,0.0,0.0,3.0,Batsman"
"kwena maphaka,0.0,0.0,0.0,0.0,1.0,0.0,6.0,14.0,12.0,0.0,0.0,0.0,25.0,Bowler"
"kyle jamieson,0.0,0.0,0.0,0.0,9.0,0.0,28.0,10.044444444444444,70.0,0.0,0.0,0.0,225.0,Bowler"
"kyle mayers,379.0,38.0,22.0,116.13461538461539,0.0,0.0,7.0,3.923076923076923,14.0,0.0,0.0,0.0,461.0,Batsman"
"lalit yadav,305.0,27.0,7.0,77.96039999999999,9.0,0.0,44.0,7.0924000000000005,79.0,0.0,0.0,0.0,571.0,Batsman"
"liam livingstone,869.0,60.0,61.0,133.33828571428572,11.0,0.0,39.6,5.840285714285714,68.0,0.0,0.0,0.0,1326.0,Batsman"
"litton das â€ ,4.0,1.0,0.0,100.0,0.0,0.0,0.0,0.0,0.0,0.0,0.0,0.0,5.0,Batsman"
"lizaad williams,1.0,0.0,0.0,25.0,1.0,0.0,6.0,11.995000000000001,13.0,0.0,0.0,0.0,26.0,Unknown"
"lockie ferguson,67.0,6.0,2.0,22.9265625,34.0,0.0,107.4,8.8375,245.0,0.0,0.0,0.0,927.0,Bowler"
"luke wood,9.0,0.0,1.0,150.0,1.0,0.0,6.0,14.75,9.0,0.0,0.0,0.0,36.0,Allrounder"
"lukman meriwala,0.0,0.0,0.0,0.0,1.0,0.0,3.0,10.66,6.0,0.0,0.0,0.0,25.0,Bowler"
"lungi ngidi,0.0,0.0,0.0,0.0,11.0,0.0,24.0,10.541666666666666,49.0,0.0,0.0,0.0,275.0,Bowler"
"m shahrukh khan,553.0,35.0,37.0,134.09815789473683,0.0,0.0,2.0,0.39473684210526316,4.0,0.0,0.0,0.0,662.0,Batsman"
"maheesh theekshana,7.0,0.0,1.0,7.0,17.0,1.0,92.0,7.2732,179.0,0.0,0.0,0.0,446.0,Bowler"
"mahipal lomror,278.0,14.0,18.0,98.28142857142856,1.0,0.0,10.0,3.4442857142857144,17.0,0.0,0.0,0.0,353.0,Batsman"
"manan vohra,71.0,7.0,4.0,116.745,0.0,0.0,0.0,0.0,0.0,0.0,0.0,0.0,86.0,Batsman"
"manav suthar,1.0,0.0,0.0,50.0,0.0,0.0,2.0,13.0,4.0,0.0,0.0,0.0,1.0,Batsman"
"mandeep singh,47.0,6.0,1.0,54.104285714285716,0.0,0.0,0.0,0.0,0.0,0.0,0.0,0.0,55.0,Batsman"
"manimaran siddharth,0.0,0.0,0.0,0.0,1.0,0.0,9.0,8.25,22.0,0.0,0.0,0.0,25.0,Unknown"
"manish pandey,938.0,75.0,33.0,101.86421052631579,0.0,0.0,0.0,0.0,0.0,0.0,0.0,0.0,1079.0,Batsman"
"manish pandey (c),69.0,7.0,2.0,168.29,0.0,0.0,0.0,0.0,0.0,0.0,0.0,0.0,80.0,Batsman"
"marco jansen,66.0,5.0,2.0,51.8625,15.0,1.0,67.0,9.499500000000001,163.0,0.0,0.0,0.0,462.0,Allrounder"
"marcus stoinis,1393.0,116.0,73.0,114.03164179104478,26.0,0.0,65.0,4.672537313432836,127.0,0.0,0.0,0.0,2305.0,Batsman"
"mark wood,11.0,1.0,1.0,95.8325,10.0,0.0,12.0,6.125,36.0,0.0,0.0,0.0,264.0,Bowler"
"matheesha pathirana,0.0,0.0,0.0,0.0,32.0,0.0,70.7,7.734736842105264,170.0,0.0,0.0,0.0,800.0,Bowler"
"matt henry,0.0,0.0,0.0,0.0,1.0,0.0,12.0,9.58,26.0,0.0,0.0,0.0,25.0,Unknown"
"matthew short,117.0,15.0,4.0,110.99833333333333,0.0,0.0,4.0,3.3333333333333335,11.0,0.0,0.0,0.0,140.0,Batsman"
"matthew wade,89.0,12.0,2.0,119.18199999999999,0.0,0.0,0.0,0.0,0.0,0.0,0.0,0.0,105.0,Batsman"
"matthew wade â€ ,72.0,11.0,0.0,100.96833333333332,0.0,0.0,0.0,0.0,0.0,0.0,0.0,0.0,83.0,Batsman"
"mayank agarawal,676.0,71.0,21.0,112.59200000000001,0.0,0.0,0.0,0.0,0.0,0.0,0.0,0.0,789.0,Batsman"
"mayank agarawal (c),295.0,31.0,10.0,107.22692307692309,0.0,0.0,0.0,0.0,0.0,0.0,0.0,0.0,346.0,Batsman"
"mayank dagar,0.0,0.0,0.0,0.0,2.0,0.0,18.5,9.598571428571429,36.0,0.0,0.0,0.0,50.0,Unknown"
"mayank markande,21.0,2.0,1.0,17.5,21.0,0.0,70.0,9.437000000000001,120.0,0.0,0.0,0.0,550.0,Bowler"
"mayank yadav,0.0,0.0,0.0,0.0,7.0,0.0,12.1,8.2575,42.0,0.0,0.0,0.0,175.0,Bowler"
"michael bracewell,0.0,0.0,0.0,0.0,6.0,0.0,11.0,9.431999999999999,26.0,0.0,0.0,0.0,150.0,Bowler"
"mitchell marsh,440.0,39.0,24.0,103.78863636363636,13.0,1.0,35.1,6.059545454545455,62.0,0.0,0.0,0.0,864.0,Batsman"
"mitchell santner,38.0,4.0,0.0,49.27307692307692,10.0,0.0,43.0,7.30076923076923,93.0,0.0,0.0,0.0,292.0,Allrounder"
"mitchell starc,9.0,1.0,0.0,30.76923076923077,17.0,0.0,41.5,10.685384615384615,105.0,0.0,0.0,0.0,435.0,Bowler"
"moeen ali,853.0,74.0,44.0,100.51458333333333,23.0,0.0,79.7,5.639166666666667,164.0,0.0,0.0,0.0,1590.0,Batsman"
"mohammad nabi,80.0,7.0,4.0,99.74545454545455,4.0,0.0,24.2,9.052727272727273,37.0,0.0,0.0,0.0,195.0,Batsman"
"mohammed shami,18.0,1.0,0.0,6.018518518518518,78.0,3.0,207.4,7.927777777777778,595.0,0.0,0.0,0.0,2005.0,Bowler"
"mohammed siraj,12.0,0.0,2.0,2.272727272727273,65.0,3.0,231.1,8.586666666666668,642.0,0.0,0.0,0.0,1677.0,Bowler"
"mohit rathee,1.0,0.0,0.0,50.0,0.0,0.0,2.0,14.5,3.0,0.0,0.0,0.0,1.0,Batsman"
"mohit sharma,2.0,0.0,0.0,0.5711999999999999,40.0,0.0,78.7,9.030800000000001,140.0,0.0,0.0,0.0,1002.0,Bowler"
"mohsin khan,25.0,2.0,1.0,26.298181818181817,26.0,2.0,77.0,8.950454545454546,199.0,0.0,0.0,0.0,703.0,Bowler"
"moises henriques,31.0,0.0,1.0,76.468,1.0,0.0,6.0,5.0,18.0,0.0,0.0,0.0,58.0,Batsman"
"ms dhoni (c)â€ ,518.0,38.0,25.0,119.84024390243901,0.0,0.0,0.0,0.0,0.0,0.0,0.0,0.0,606.0,Batsman"
"ms dhoni â€ ,293.0,28.0,18.0,179.29833333333332,0.0,0.0,0.0,0.0,0.0,0.0,0.0,0.0,357.0,Batsman"
"mujeeb ur rahman,1.0,0.0,0.0,33.333333333333336,2.0,0.0,12.0,9.333333333333334,22.0,0.0,0.0,0.0,51.0,Unknown"
"mukesh choudhary,6.0,1.0,0.0,16.666666666666668,15.0,0.0,40.3,10.344166666666666,109.0,0.0,0.0,0.0,382.0,Bowler"
"mukesh kumar,10.0,0.0,0.0,12.029473684210526,23.0,0.0,63.3,10.303157894736842,131.0,0.0,0.0,0.0,585.0,Bowler"
"murali vijay,32.0,4.0,0.0,60.31333333333333,0.0,0.0,0.0,0.0,0.0,0.0,0.0,0.0,36.0,Batsman"
"murugan ashwin,27.0,2.0,1.0,26.728947368421053,15.0,0.0,65.3,8.62578947368421,137.0,0.0,0.0,0.0,406.0,Bowler"
"mustafizur rahman,12.0,0.0,1.0,9.142666666666665,35.0,1.0,110.6,8.174,257.0,0.0,0.0,0.0,901.0,Bowler"
"naman dhir,140.0,12.0,10.0,145.57571428571427,0.0,0.0,4.4,6.6899999999999995,3.0,0.0,0.0,0.0,172.0,Batsman"
"nandre burger,0.0,0.0,0.0,0.0,7.0,0.0,17.0,8.581999999999999,50.0,0.0,0.0,0.0,175.0,Bowler"
"narayan jagadeesan,115.0,13.0,2.0,72.49285714285715,0.0,0.0,0.0,0.0,0.0,0.0,0.0,0.0,132.0,Batsman"
"narayan jagadeesan â€ ,47.0,8.0,0.0,84.36333333333333,0.0,0.0,0.0,0.0,0.0,0.0,0.0,0.0,55.0,Batsman"
"nathan coulter-nile,30.0,4.0,0.0,33.33307692307692,12.0,0.0,45.0,7.269230769230769,117.0,0.0,0.0,0.0,334.0,Bowler"
"nathan ellis,19.0,0.0,1.0,18.75,17.0,0.0,55.0,7.88,110.0,0.0,0.0,0.0,446.0,Bowler"
"navdeep saini,2.0,0.0,0.0,6.25,11.0,1.0,50.4,10.146875,119.0,0.0,0.0,0.0,289.0,Unknown"
"naveen-ul-haq,18.0,2.0,0.0,13.921176470588236,22.0,0.0,59.9,8.954117647058823,132.0,0.0,0.0,0.0,570.0,Bowler"
"nehal wadhera,350.0,32.0,18.0,131.495,0.0,0.0,2.0,0.40625,2.0,0.0,0.0,0.0,418.0,Batsman"
"nicholas pooran,655.0,43.0,47.0,127.34892857142857,0.0,0.0,0.0,0.0,0.0,0.0,0.0,0.0,792.0,Batsman"
"nicholas pooran (c),42.0,3.0,3.0,200.0,0.0,0.0,0.0,0.0,0.0,0.0,0.0,0.0,51.0,Batsman"
"nicholas pooran â€ ,551.0,34.0,38.0,127.87916666666666,0.0,0.0,0.0,0.0,0.0,0.0,0.0,0.0,661.0,Batsman"
"nikhil naik,1.0,0.0,0.0,33.33,0.0,0.0,0.0,0.0,0.0,0.0,0.0,0.0,1.0,Batsman"
"nitish kumar reddy,303.0,15.0,21.0,118.10666666666667,3.0,0.0,16.1,7.458333333333333,27.0,0.0,0.0,0.0,435.0,Batsman"
"nitish rana,1138.0,111.0,52.0,103.34352941176472,3.0,0.0,12.5,2.118627450980392,23.0,0.0,0.0,0.0,1428.0,Batsman"
"nitish rana (c),413.0,39.0,20.0,122.28142857142858,0.0,0.0,0.0,0.0,0.0,0.0,0.0,0.0,492.0,Batsman"
"noor ahmad,13.0,2.0,0.0,17.618636363636366,22.0,0.0,77.2,8.210909090909091,172.0,0.0,0.0,0.0,565.0,Bowler"
"nuwan thushara,0.0,0.0,0.0,0.0,8.0,0.0,26.0,9.879999999999999,51.0,0.0,0.0,0.0,200.0,Bowler"
"obed mccoy,8.0,0.0,1.0,22.857142857142858,8.0,0.0,22.5,10.495714285714286,40.0,0.0,0.0,0.0,210.0,Bowler"
"odean smith,51.0,1.0,5.0,102.835,6.0,0.0,11.0,9.36,27.0,0.0,0.0,0.0,212.0,Allrounder"
"pat cummins,302.0,19.0,22.0,60.44880952380952,45.0,1.0,140.0,8.025,317.0,0.0,0.0,0.0,1502.0,Bowler"
"pat cummins (c),136.0,9.0,8.0,111.027,0.0,0.0,0.0,0.0,0.0,0.0,0.0,0.0,161.0,Batsman"
"phil salt â€ ,653.0,74.0,34.0,143.3547619047619,0.0,0.0,0.0,0.0,0.0,0.0,0.0,0.0,795.0,Batsman"
"piyush chawla,40.0,2.0,2.0,24.479062499999998,41.0,0.0,111.0,8.759375,205.0,0.0,0.0,0.0,1071.0,Bowler"
"prabhsimran singh,706.0,74.0,39.0,131.34103448275863,0.0,0.0,0.0,0.0,0.0,0.0,0.0,0.0,858.0,Batsman"
"prabhsimran singh â€ ,19.0,1.0,1.0,87.5,0.0,0.0,0.0,0.0,0.0,0.0,0.0,0.0,22.0,Batsman"
"pradeep sangwan,2.0,0.0,0.0,20.0,1.0,0.0,5.0,9.58,10.0,0.0,0.0,0.0,27.0,Bowler"
"prashant solanki,0.0,0.0,0.0,0.0,2.0,0.0,6.0,7.25,12.0,0.0,0.0,0.0,50.0,Unknown"
"prasidh krishna,8.0,0.0,0.0,6.066666666666667,24.0,3.0,88.6,8.185925925925927,242.0,0.0,0.0,0.0,644.0,Bowler"
"praveen dubey,23.0,2.0,0.0,33.46,1.0,0.0,11.0,8.1625,20.0,0.0,0.0,0.0,50.0,Unknown"
"prerak mankad,97.0,13.0,2.0,120.37,0.0,0.0,0.0,0.0,0.0,0.0,0.0,0.0,114.0,Batsman"
"prithvi shaw,1294.0,166.0,42.0,125.6587037037037,0.0,0.0,0.0,0.0,0.0,0.0,0.0,0.0,1544.0,Batsman"
"priyam garg,273.0,16.0,9.0,95.97473684210526,0.0,0.0,0.0,0.0,0.0,0.0,0.0,0.0,307.0,Batsman"
"quinton de kock,184.0,22.0,7.0,119.7811111111111,0.0,0.0,0.0,0.0,0.0,0.0,0.0,0.0,220.0,Batsman"
"quinton de kock â€ ,1517.0,139.0,62.0,121.44375000000001,0.0,0.0,0.0,0.0,0.0,0.0,0.0,0.0,1780.0,Batsman"
"rachin ravindra,222.0,22.0,12.0,131.026,0.0,0.0,2.0,0.7,5.0,0.0,0.0,0.0,268.0,Batsman"
"raghav goyal,0.0,0.0,0.0,0.0,0.0,0.0,4.0,8.25,7.0,0.0,0.0,0.0,0.0,Unknown"
"rahmanullah gurbaz,81.0,5.0,7.0,207.69,0.0,0.0,0.0,0.0,0.0,0.0,0.0,0.0,100.0,Batsman"
"rahmanullah gurbaz â€ ,208.0,19.0,12.0,92.62583333333333,0.0,0.0,0.0,0.0,0.0,0.0,0.0,0.0,251.0,Batsman"
"rahul chahar,114.0,11.0,5.0,22.06392857142857,50.0,1.0,186.4,7.904285714285714,375.0,0.0,0.0,0.0,1397.0,Unknown"
"rahul tewatia,902.0,73.0,44.0,119.85881355932203,17.0,0.0,74.1,4.201525423728813,131.0,0.0,0.0,0.0,1488.0,Batsman"
"rahul tripathi,1478.0,149.0,57.0,129.5625,0.0,0.0,0.0,0.0,0.0,0.0,0.0,0.0,1741.0,Batsman"
"raj bawa,11.0,1.0,0.0,42.305,0.0,0.0,0.0,0.0,0.0,0.0,0.0,0.0,12.0,Batsman"
"rajat patidar,395.0,21.0,33.0,150.96615384615384,0.0,0.0,0.0,0.0,0.0,0.0,0.0,0.0,482.0,Batsman"
"rajvardhan hangargekar,0.0,0.0,0.0,0.0,3.0,0.0,6.0,10.5,14.0,0.0,0.0,0.0,75.0,Unknown"
"ramandeep singh,170.0,8.0,13.0,159.6442857142857,6.0,0.0,6.4,2.8328571428571427,13.0,0.0,0.0,0.0,354.0,Batsman"
"rashid khan,401.0,32.0,26.0,64.2650704225352,81.0,0.0,253.9,6.6080281690140845,555.0,0.0,0.0,0.0,2510.0,Bowler"
"rashid khan (c),40.0,2.0,3.0,190.47,0.0,0.0,0.0,0.0,0.0,0.0,0.0,0.0,48.0,Batsman"
"rasikh salam,35.0,5.0,0.0,59.999,9.0,0.0,28.3,10.532,50.0,0.0,0.0,0.0,265.0,Batsman"
"rassie van der dussen,22.0,2.0,0.0,93.33333333333333,0.0,0.0,0.0,0.0,0.0,0.0,0.0,0.0,24.0,Batsman"
"ravi bishnoi,25.0,1.0,0.0,15.360999999999999,55.0,1.0,203.7,7.548166666666666,444.0,0.0,0.0,0.0,1413.0,Bowler"
"ravichandran ashwin,425.0,29.0,18.0,69.36954545454546,45.0,0.0,232.0,7.470151515151515,423.0,0.0,0.0,0.0,1615.0,Batsman"
"ravindra jadeja,920.0,74.0,37.0,113.96507692307692,44.0,0.0,189.8,7.678615384615385,343.0,0.0,0.0,0.0,2168.0,Batsman"
"ravindra jadeja (c),112.0,6.0,5.0,98.3925,0.0,0.0,0.0,0.0,0.0,0.0,0.0,0.0,128.0,Batsman"
"reece topley,3.0,0.0,0.0,10.0,5.0,0.0,17.0,10.366,38.0,0.0,0.0,0.0,128.0,Bowler"
"richard gleeson,2.0,0.0,0.0,50.0,1.0,0.0,7.5,9.035,20.0,0.0,0.0,0.0,27.0,Bowler"
"ricky bhui,3.0,0.0,0.0,21.425,0.0,0.0,0.0,0.0,0.0,0.0,0.0,0.0,3.0,Batsman"
"rilee rossouw,420.0,42.0,22.0,122.70294117647057,0.0,0.0,0.0,0.0,0.0,0.0,0.0,0.0,506.0,Batsman"
"riley meredith,0.0,0.0,0.0,0.0,18.0,0.0,60.4,9.496470588235294,149.0,0.0,0.0,0.0,450.0,Bowler"
"rinku singh,827.0,62.0,44.0,144.58757575757576,0.0,0.0,0.0,0.0,0.0,0.0,0.0,0.0,977.0,Batsman"
"ripal patel,80.0,6.0,2.0,121.46428571428571,0.0,0.0,0.0,0.0,0.0,0.0,0.0,0.0,90.0,Batsman"
"rishabh pant (c)â€ ,1205.0,113.0,51.0,142.64166666666665,0.0,0.0,0.0,0.0,0.0,0.0,0.0,0.0,1420.0,Batsman"
"rishabh pant â€ ,343.0,31.0,9.0,106.38928571428572,0.0,0.0,0.0,0.0,0.0,0.0,0.0,0.0,392.0,Batsman"
"rishi dhawan,57.0,5.0,3.0,73.52166666666666,5.0,0.0,25.0,7.533333333333334,54.0,0.0,0.0,0.0,193.0,Batsman"
"riyan parag,1013.0,67.0,55.0,113.61685185185186,2.0,0.0,13.0,2.564814814814815,15.0,0.0,0.0,0.0,1240.0,Batsman"
"robin uthappa,541.0,46.0,26.0,111.43592592592593,0.0,0.0,0.0,0.0,0.0,0.0,0.0,0.0,639.0,Batsman"
"rohit sharma,437.0,46.0,25.0,111.70588235294117,0.0,0.0,1.1,1.9411764705882353,0.0,0.0,0.0,0.0,533.0,Batsman"
"rohit sharma (c),1293.0,122.0,61.0,106.34351851851852,0.0,0.0,0.0,0.0,0.0,0.0,0.0,0.0,1537.0,Batsman"
"romario shepherd,115.0,7.0,10.0,124.66600000000001,4.0,0.0,21.0,10.775,41.0,0.0,0.0,0.0,242.0,Batsman"
"rovman powell,360.0,21.0,28.0,119.12636363636362,1.0,0.0,3.0,1.1818181818181819,4.0,0.0,0.0,0.0,462.0,Batsman"
"ruturaj gaikwad,1797.0,159.0,73.0,110.74156862745097,0.0,0.0,0.0,0.0,0.0,0.0,0.0,0.0,2102.0,Batsman"
"ruturaj gaikwad (c),583.0,58.0,18.0,111.84214285714286,0.0,0.0,0.0,0.0,0.0,0.0,0.0,0.0,677.0,Batsman"
"sai kishore,13.0,0.0,2.0,24.073333333333334,13.0,0.0,27.0,9.731111111111112,50.0,0.0,0.0,0.0,342.0,Bowler"
"sai sudharsan,1034.0,95.0,31.0,132.2824,0.0,0.0,0.0,0.0,0.0,0.0,0.0,0.0,1191.0,Batsman"
"sam billings,39.0,1.0,2.0,103.47999999999999,0.0,0.0,0.0,0.0,0.0,0.0,0.0,0.0,44.0,Batsman"
"sam billings â€ ,130.0,8.0,8.0,129.98333333333332,0.0,0.0,0.0,0.0,0.0,0.0,0.0,0.0,154.0,Batsman"
"sam curran,567.0,41.0,27.0,87.78333333333333,43.0,0.0,143.5,9.317777777777778,303.0,0.0,0.0,0.0,1737.0,Allrounder"
"sam curran (c),221.0,20.0,7.0,110.873,0.0,0.0,0.0,0.0,0.0,0.0,0.0,0.0,255.0,Batsman"
"sameer rizvi,51.0,4.0,2.0,106.426,0.0,0.0,0.0,0.0,0.0,0.0,0.0,0.0,59.0,Batsman"
"sandeep sharma,22.0,2.0,0.0,10.079285714285716,35.0,0.0,147.3,7.484047619047619,334.0,0.0,0.0,0.0,899.0,Bowler"
"sandeep warrier,0.0,0.0,0.0,0.0,6.0,0.0,16.0,11.784285714285714,45.0,0.0,0.0,0.0,150.0,Unknown"
"sanjay yadav,0.0,0.0,0.0,0.0,0.0,0.0,2.0,11.5,6.0,0.0,0.0,0.0,0.0,Unknown"
"sanju samson,153.0,9.0,9.0,103.28857142857143,0.0,0.0,0.0,0.0,0.0,0.0,0.0,0.0,180.0,Batsman"
"sanju samson (c)â€ ,1835.0,161.0,91.0,127.22183333333332,0.0,0.0,0.0,0.0,0.0,0.0,0.0,0.0,2178.0,Batsman"
"sanju samson â€ ,222.0,12.0,17.0,130.12857142857143,0.0,0.0,0.0,0.0,0.0,0.0,0.0,0.0,268.0,Batsman"
"sanvir singh,25.0,2.0,1.0,102.854,0.0,0.0,0.0,0.0,0.0,0.0,0.0,0.0,29.0,Batsman"
"sarfaraz khan,140.0,12.0,3.0,88.639,0.0,0.0,0.0,0.0,0.0,0.0,0.0,0.0,158.0,Batsman"
"sarfaraz khan â€ ,4.0,1.0,0.0,44.44,0.0,0.0,0.0,0.0,0.0,0.0,0.0,0.0,5.0,Batsman"
"saurabh tiwary,218.0,18.0,5.0,123.19888888888889,0.0,0.0,0.0,0.0,0.0,0.0,0.0,0.0,246.0,Batsman"
"saurav chauhan,18.0,1.0,1.0,87.5,0.0,0.0,0.0,0.0,0.0,0.0,0.0,0.0,21.0,Batsman"
"sean abbott,7.0,0.0,1.0,140.0,1.0,0.0,4.0,11.75,7.0,0.0,0.0,0.0,34.0,Allrounder"
"shahbaz ahmed,215.0,7.0,13.0,35.439069767441865,21.0,0.0,89.3,10.11860465116279,149.0,0.0,0.0,0.0,773.0,Unknown"
"shahbaz nadeem,7.0,1.0,0.0,27.776666666666667,3.0,0.0,14.0,6.833333333333333,24.0,0.0,0.0,0.0,83.0,Batsman"
"shai hope,183.0,12.0,12.0,147.03555555555556,0.0,0.0,0.0,0.0,0.0,0.0,0.0,0.0,219.0,Batsman"
"shakib al hasan,47.0,3.0,1.0,51.75,4.0,0.0,20.0,4.78125,42.0,0.0,0.0,0.0,152.0,Unknown"
"shamar joseph,0.0,0.0,0.0,0.0,0.0,0.0,4.0,11.75,12.0,0.0,0.0,0.0,0.0,Unknown"
"shams mulani,1.0,0.0,0.0,50.0,0.0,0.0,5.0,12.25,7.0,0.0,0.0,0.0,1.0,Batsman"
"shane watson,299.0,33.0,13.0,116.37272727272726,0.0,0.0,0.0,0.0,0.0,0.0,0.0,0.0,358.0,Batsman"
"shardul thakur,271.0,22.0,12.0,55.00490909090909,48.0,2.0,165.5,9.024,327.0,0.0,0.0,0.0,1541.0,Bowler"
"shashank singh,423.0,33.0,25.0,135.29000000000002,1.0,0.0,3.0,1.25,2.0,0.0,0.0,0.0,531.0,Batsman"
"sheldon cottrell,0.0,0.0,0.0,0.0,4.0,1.0,17.0,9.866,47.0,0.0,0.0,0.0,112.0,Bowler"
"sheldon jackson â€ ,23.0,0.0,1.0,74.284,0.0,0.0,0.0,0.0,0.0,0.0,0.0,0.0,25.0,Batsman"
"shikhar dhawan,1657.0,176.0,40.0,111.6991304347826,0.0,0.0,0.0,0.0,0.0,0.0,0.0,0.0,1913.0,Batsman"
"shikhar dhawan (c),533.0,68.0,16.0,114.14294117647059,0.0,0.0,0.0,0.0,0.0,0.0,0.0,0.0,633.0,Batsman"
"shimron hetmyer,1153.0,72.0,75.0,140.15377049180327,0.0,0.0,0.0,0.0,0.0,0.0,0.0,0.0,1375.0,Batsman"
"shivam dube,1333.0,80.0,89.0,118.39134615384616,3.0,0.0,14.0,2.3076923076923075,20.0,0.0,0.0,0.0,1666.0,Batsman"
"shivam mavi,38.0,3.0,2.0,20.390454545454546,25.0,2.0,76.1,9.247727272727273,195.0,0.0,0.0,0.0,694.0,Bowler"
"shivam singh,2.0,0.0,0.0,66.66,0.0,0.0,0.0,0.0,0.0,0.0,0.0,0.0,2.0,Batsman"
"shreevats goswami â€ ,0.0,0.0,0.0,0.0,0.0,0.0,0.0,0.0,0.0,0.0,0.0,0.0,0.0,Unknown"
"shreyas gopal,53.0,5.0,1.0,43.62647058823529,12.0,0.0,51.0,8.915882352941177,93.0,0.0,0.0,0.0,360.0,Bowler"
"shreyas iyer,175.0,7.0,5.0,69.02000000000001,0.0,0.0,1.0,0.7777777777777778,4.0,0.0,0.0,0.0,192.0,Batsman"
"shreyas iyer (c),1271.0,115.0,41.0,129.38777777777779,0.0,0.0,0.0,0.0,0.0,0.0,0.0,0.0,1468.0,Batsman"
"shubham dubey,33.0,3.0,2.0,113.88666666666667,0.0,0.0,0.0,0.0,0.0,0.0,0.0,0.0,40.0,Batsman"
"shubman gill,2291.0,230.0,65.0,118.4884375,0.0,0.0,0.0,0.0,0.0,0.0,0.0,0.0,2651.0,Batsman"
"shubman gill (c),426.0,37.0,15.0,128.73833333333332,0.0,0.0,0.0,0.0,0.0,0.0,0.0,0.0,493.0,Batsman"
"siddarth kaul,8.0,1.0,0.0,19.258888888888887,8.0,0.0,33.2,9.61,70.0,0.0,0.0,0.0,209.0,Bowler"
"sikandar raza,182.0,12.0,8.0,124.7688888888889,3.0,0.0,14.0,7.906666666666666,22.0,0.0,0.0,0.0,285.0,Batsman"
"simarjeet singh,7.0,0.0,0.0,26.665999999999997,9.0,0.0,28.0,8.474,79.0,0.0,0.0,0.0,232.0,Unknown"
"sisanda magala,0.0,0.0,0.0,0.0,1.0,0.0,6.0,8.125,6.0,0.0,0.0,0.0,25.0,Unknown"
"spencer johnson,6.0,1.0,0.0,40.0,4.0,0.0,16.0,9.9,35.0,0.0,0.0,0.0,107.0,Allrounder"
"srikar bharat,8.0,2.0,0.0,80.0,0.0,0.0,0.0,0.0,0.0,0.0,0.0,0.0,10.0,Batsman"
"steven smith,152.0,13.0,2.0,105.86857142857143,0.0,0.0,0.0,0.0,0.0,0.0,0.0,0.0,169.0,Batsman"
"steven smith (c),311.0,32.0,9.0,111.71428571428571,0.0,0.0,0.0,0.0,0.0,0.0,0.0,0.0,361.0,Batsman"
"sumit kumar,18.0,2.0,1.0,79.62666666666667,0.0,0.0,3.2,7.916666666666667,4.0,0.0,0.0,0.0,22.0,Batsman"
"sunil narine,763.0,71.0,53.0,92.17555555555556,49.0,0.0,225.0,6.617619047619048,486.0,0.0,0.0,0.0,2165.0,Allrounder"
"suresh raina,160.0,13.0,9.0,106.9090909090909,0.0,0.0,0.0,0.0,0.0,0.0,0.0,0.0,191.0,Batsman"
"suryakumar yadav,2007.0,221.0,80.0,130.99285714285713,0.0,0.0,0.0,0.0,0.0,0.0,0.0,0.0,2388.0,Batsman"
"suryakumar yadav (c),43.0,4.0,3.0,172.0,0.0,0.0,0.0,0.0,0.0,0.0,0.0,0.0,53.0,Batsman"
"suyash prabhudessai,24.0,3.0,0.0,133.33,0.0,0.0,0.0,0.0,0.0,0.0,0.0,0.0,27.0,Batsman"
"suyash sharma,0.0,0.0,0.0,0.0,5.0,0.0,35.0,9.453636363636365,72.0,0.0,0.0,0.0,125.0,Unknown"
"swapnil singh,39.0,3.0,3.0,82.40666666666667,6.0,0.0,17.0,8.257777777777777,29.0,0.0,0.0,0.0,198.0,Batsman"
"t natarajan,3.0,0.0,0.0,1.5,54.0,2.0,179.2,8.6556,344.0,0.0,0.0,0.0,1377.0,Bowler"
"tabraiz shamsi,2.0,0.0,0.0,50.0,0.0,0.0,4.0,8.5,2.0,0.0,0.0,0.0,2.0,Batsman"
"tanush kotian,24.0,3.0,0.0,77.41,0.0,0.0,0.0,0.0,0.0,0.0,0.0,0.0,27.0,Batsman"
"tilak varma,1156.0,90.0,58.0,138.8555263157895,0.0,0.0,3.4,0.8421052631578947,8.0,0.0,0.0,0.0,1362.0,Batsman"
"tim david,658.0,38.0,46.0,149.78088235294118,0.0,0.0,0.0,0.0,0.0,0.0,0.0,0.0,788.0,Batsman"
"tim seifert,26.0,4.0,0.0,86.66666666666667,0.0,0.0,0.0,0.0,0.0,0.0,0.0,0.0,30.0,Batsman"
"tim southee,5.0,0.0,0.0,13.846153846153847,16.0,0.0,47.0,7.833076923076923,107.0,0.0,0.0,0.0,405.0,Bowler"
"tom banton,18.0,1.0,1.0,95.83,0.0,0.0,0.0,0.0,0.0,0.0,0.0,0.0,21.0,Batsman"
"tom curran,104.0,7.0,3.0,126.58714285714287,6.0,0.0,21.8,8.741428571428571,37.0,0.0,0.0,0.0,267.0,Batsman"
"tom kohler-cadmore,48.0,7.0,1.0,91.36333333333334,0.0,0.0,0.0,0.0,0.0,0.0,0.0,0.0,57.0,Batsman"
"travis head,567.0,64.0,32.0,141.2686666666667,0.0,0.0,1.4,1.28,2.0,0.0,0.0,0.0,695.0,Batsman"
"trent boult,71.0,5.0,2.0,22.641774193548386,72.0,10.0,222.2,7.705,618.0,0.0,0.0,0.0,2000.0,Bowler"
"tristan stubbs,405.0,26.0,26.0,129.88333333333333,4.0,0.0,4.0,1.2222222222222223,9.0,0.0,0.0,0.0,583.0,Batsman"
"tushar deshpande,21.0,2.0,1.0,7.516176470588236,39.0,0.0,122.5,9.25235294117647,291.0,0.0,0.0,0.0,1000.0,Bowler"
"tymal mills,0.0,0.0,0.0,0.0,6.0,0.0,17.0,11.464,30.0,0.0,0.0,0.0,150.0,Bowler"
"umesh yadav,86.0,5.0,5.0,50.65037037037037,23.0,2.0,85.0,8.119259259259259,230.0,0.0,0.0,0.0,700.0,Bowler"
"umran malik,23.0,1.0,2.0,16.5625,27.0,1.0,72.1,10.175416666666667,183.0,0.0,0.0,0.0,715.0,Bowler"
"vaibhav arora,9.0,0.0,0.0,28.069999999999997,19.0,0.0,61.5,9.44421052631579,148.0,0.0,0.0,0.0,484.0,Bowler"
"varun aaron,1.0,0.0,0.0,12.5,2.0,0.0,9.0,10.4375,16.0,0.0,0.0,0.0,51.0,Unknown"
"varun chakravarthy,25.0,2.0,0.0,8.98126984126984,68.0,1.0,222.0,7.371428571428571,502.0,0.0,0.0,0.0,1739.0,Bowler"
"venkatesh iyer,1326.0,121.0,61.0,125.13836734693876,3.0,0.0,12.3,1.903061224489796,15.0,0.0,0.0,0.0,1644.0,Batsman"
"vidwath kaverappa,0.0,0.0,0.0,0.0,2.0,0.0,4.0,9.0,11.0,0.0,0.0,0.0,50.0,Bowler"
"vijay shankar,558.0,46.0,21.0,102.07029411764705,6.0,0.0,23.8,2.5291176470588232,53.0,0.0,0.0,0.0,796.0,Batsman"
"vijayakanth viyaskanth,7.0,0.0,0.0,46.666666666666664,1.0,0.0,10.0,9.0,19.0,0.0,0.0,0.0,32.0,Batsman"
"vijaykumar vyshak,1.0,0.0,0.0,4.545454545454546,13.0,0.0,38.3,10.338181818181818,64.0,0.0,0.0,0.0,326.0,Bowler"
"virat kohli,741.0,62.0,38.0,155.59666666666666,0.0,0.0,0.0,0.0,0.0,0.0,0.0,0.0,879.0,Batsman"
"virat singh,15.0,1.0,0.0,60.114999999999995,0.0,0.0,0.0,0.0,0.0,0.0,0.0,0.0,16.0,Batsman"
"vishnu vinod,32.0,2.0,2.0,100.0,0.0,0.0,0.0,0.0,0.0,0.0,0.0,0.0,38.0,Batsman"
"vishnu vinod â€ ,5.0,0.0,0.0,71.42,0.0,0.0,0.0,0.0,0.0,0.0,0.0,0.0,5.0,Batsman"
"vivrant sharma,69.0,9.0,2.0,73.4,0.0,0.0,3.0,14.0,5.0,0.0,0.0,0.0,82.0,Batsman"
"wanindu hasaranga,0.0,0.0,0.0,0.0,35.0,1.0,92.0,8.310384615384615,209.0,0.0,0.0,0.0,887.0,Bowler"
"washington sundar,161.0,15.0,3.0,39.12594594594594,21.0,1.0,110.4,7.602702702702703,223.0,0.0,0.0,0.0,719.0,Unknown"
"wayne parnell,0.0,0.0,0.0,0.0,9.0,0.0,25.1,9.321428571428571,56.0,0.0,0.0,0.0,225.0,Bowler"
"will jacks,230.0,16.0,18.0,142.11,2.0,0.0,9.0,6.895,11.0,0.0,0.0,0.0,332.0,Batsman"
"wriddhiman saha â€ ,1169.0,136.0,28.0,103.5528,0.0,0.0,0.0,0.0,0.0,0.0,0.0,0.0,1361.0,Batsman"
"yash dayal,0.0,0.0,0.0,0.0,27.0,0.0,88.1,9.787307692307692,209.0,0.0,0.0,0.0,675.0,Bowler"
"yash dhull,16.0,1.0,0.0,53.88666666666666,0.0,0.0,0.0,0.0,0.0,0.0,0.0,0.0,17.0,Batsman"
"yash thakur,0.0,0.0,0.0,0.0,24.0,1.0,64.4,10.592222222222222,132.0,0.0,0.0,0.0,612.0,Bowler"
"yashasvi jaiswal,1607.0,198.0,64.0,128.76865384615385,0.0,0.0,0.0,0.0,0.0,0.0,0.0,0.0,1933.0,Batsman"
"yudhvir singh,22.0,1.0,2.0,80.0,4.0,0.0,12.0,10.766,30.0,0.0,0.0,0.0,127.0,Bowler"
"yuzvendra chahal,5.0,0.0,0.0,0.8928571428571429,100.0,1.0,261.6,7.8458571428571435,523.0,0.0,0.0,0.0,2517.0,Bowler"
